{"lr": 0.00997794446709763, "data_time": 0.005384135246276856, "loss": 0.11185074523091317, "decode.loss_ce": 0.08025763537734747, "decode.acc_seg": 98.7212142944336, "aux.loss_ce": 0.031593113043345514, "aux.acc_seg": 98.7212142944336, "time": 0.30408673286437987, "step": 100}
{"lr": 0.009955660594668054, "data_time": 0.005832695960998535, "loss": 0.04042019732296467, "decode.loss_ce": 0.02802390520228073, "decode.acc_seg": 99.96829986572266, "aux.loss_ce": 0.012396292574703694, "aux.acc_seg": 99.96829986572266, "time": 0.30503871440887453, "step": 200}
{"lr": 0.009933371122565919, "data_time": 0.005972671508789063, "loss": 0.04600710542872548, "decode.loss_ce": 0.03134770435281098, "decode.acc_seg": 98.86370849609375, "aux.loss_ce": 0.014659399935044348, "aux.acc_seg": 99.83856964111328, "time": 0.3094198226928711, "step": 300}
{"lr": 0.009911076035273796, "data_time": 0.0060680627822875975, "loss": 0.0406520651653409, "decode.loss_ce": 0.027244318136945368, "decode.acc_seg": 93.58645629882812, "aux.loss_ce": 0.013407747726887465, "aux.acc_seg": 88.29214477539062, "time": 0.30996315479278563, "step": 400}
{"aAcc": 98.95, "mIoU": 72.74, "mAcc": 73.96, "step": 400}
{"lr": 0.0098887753171919, "data_time": 0.005827784538269043, "loss": 0.03515756772831082, "decode.loss_ce": 0.022961197793483733, "decode.acc_seg": 99.91201782226562, "aux.loss_ce": 0.012196370144374668, "aux.acc_seg": 100.0, "time": 0.31381418704986574, "step": 500}
{"lr": 0.009866468952637547, "data_time": 0.006178903579711914, "loss": 0.023826776025816798, "decode.loss_ce": 0.015090544428676366, "decode.acc_seg": 100.0, "aux.loss_ce": 0.008736231783404946, "aux.acc_seg": 100.0, "time": 0.31370494365692136, "step": 600}
{"lr": 0.009844156925844432, "data_time": 0.005679106712341309, "loss": 0.02172727636061609, "decode.loss_ce": 0.013703643763437866, "decode.acc_seg": 98.76609802246094, "aux.loss_ce": 0.008023632643744349, "aux.acc_seg": 94.8656997680664, "time": 0.3037066698074341, "step": 700}
{"lr": 0.009821839220962003, "data_time": 0.005499553680419922, "loss": 0.02241668342612684, "decode.loss_ce": 0.014637335715815426, "decode.acc_seg": 99.9739990234375, "aux.loss_ce": 0.007779347919858992, "aux.acc_seg": 99.9739990234375, "time": 0.3043074369430542, "step": 800}
{"aAcc": 99.35, "mIoU": 84.38, "mAcc": 88.89, "step": 800}
